"tree_species","neighbourhood_name","tree_scale","height_range_id","n_tree"
"ACER CAMPESTRE","DUNBAR-SOUTHLANDS","short",0,168
"ACER CAMPESTRE","RENFREW-COLLINGWOOD","short",0,186
"ACER CAMPESTRE","SHAUGHNESSY","short",0,100
"ACER FREEMANI   X","SUNSET","short",0,219
"ACER PLATANOIDES","DUNBAR-SOUTHLANDS","short",0,320
"ACER PLATANOIDES","KENSINGTON-CEDAR COTTAGE","short",0,418
"ACER PLATANOIDES","KERRISDALE","short",0,366
"ACER PLATANOIDES","SUNSET","short",0,390
"ACER RUBRUM","DOWNTOWN","short",0,549
"ACER RUBRUM","DUNBAR-SOUTHLANDS","short",0,307
"ACER RUBRUM","KERRISDALE","short",0,229
"ACER RUBRUM","KITSILANO","short",0,111
"ACER RUBRUM","SUNSET","short",0,332
"ACER RUBRUM","VICTORIA-FRASERVIEW","short",0,182
"CARPINUS BETULUS","GRANDVIEW-WOODLAND","short",0,190
"CARPINUS BETULUS","KITSILANO","short",0,71
"CARPINUS BETULUS","RENFREW-COLLINGWOOD","short",0,253
"CARPINUS BETULUS","SOUTH CAMBIE","short",0,60
"CARPINUS BETULUS","VICTORIA-FRASERVIEW","short",0,178
"FAGUS SYLVATICA","DOWNTOWN","short",0,289
"FAGUS SYLVATICA","DUNBAR-SOUTHLANDS","short",0,115
"FAGUS SYLVATICA","KITSILANO","short",0,127
"FAGUS SYLVATICA","RENFREW-COLLINGWOOD","short",0,360
"MAGNOLIA KOBUS","RENFREW-COLLINGWOOD","short",0,221
"MAGNOLIA KOBUS","VICTORIA-FRASERVIEW","short",0,139
"PRUNUS CERASIFERA","ARBUTUS-RIDGE","short",0,388
"PRUNUS CERASIFERA","DUNBAR-SOUTHLANDS","short",0,679
"PRUNUS CERASIFERA","HASTINGS-SUNRISE","short",0,555
"PRUNUS CERASIFERA","KENSINGTON-CEDAR COTTAGE","short",0,310
"PRUNUS CERASIFERA","KITSILANO","short",0,252
"PRUNUS CERASIFERA","MARPOLE","short",0,386
"PRUNUS CERASIFERA","RILEY PARK","short",0,438
"PRUNUS CERASIFERA","SUNSET","short",0,600
"PRUNUS CERASIFERA","VICTORIA-FRASERVIEW","short",0,636
"PRUNUS CERASIFERA","WEST POINT GREY","short",0,204
"PRUNUS SERRULATA","KERRISDALE","short",0,413
"PRUNUS SERRULATA","MARPOLE","short",0,402
"PRUNUS SERRULATA","MOUNT PLEASANT","short",0,403
"PRUNUS SERRULATA","RENFREW-COLLINGWOOD","short",0,519
"PRUNUS SERRULATA","SUNSET","short",0,419
"ACER CAMPESTRE","ARBUTUS-RIDGE","short",1,75
"ACER CAMPESTRE","DOWNTOWN","short",1,73
"ACER CAMPESTRE","DUNBAR-SOUTHLANDS","short",1,168
"ACER CAMPESTRE","FAIRVIEW","short",1,51
"ACER CAMPESTRE","GRANDVIEW-WOODLAND","short",1,116
"ACER CAMPESTRE","HASTINGS-SUNRISE","short",1,158
"ACER CAMPESTRE","KENSINGTON-CEDAR COTTAGE","short",1,185
"ACER CAMPESTRE","KERRISDALE","short",1,60
"ACER CAMPESTRE","KILLARNEY","short",1,73
"ACER CAMPESTRE","KITSILANO","short",1,83
"ACER CAMPESTRE","MARPOLE","short",1,87
"ACER CAMPESTRE","MOUNT PLEASANT","short",1,59
"ACER CAMPESTRE","OAKRIDGE","short",1,82
"ACER CAMPESTRE","RENFREW-COLLINGWOOD","short",1,186
"ACER CAMPESTRE","RILEY PARK","short",1,113
"ACER CAMPESTRE","SHAUGHNESSY","short",1,100
"ACER CAMPESTRE","SOUTH CAMBIE","short",1,92
"ACER CAMPESTRE","STRATHCONA","short",1,36
"ACER CAMPESTRE","SUNSET","short",1,167
"ACER CAMPESTRE","VICTORIA-FRASERVIEW","short",1,166
"ACER CAMPESTRE","WEST END","short",1,38
"ACER CAMPESTRE","WEST POINT GREY","short",1,20
"ACER FREEMANI   X","ARBUTUS-RIDGE","short",1,22
"ACER FREEMANI   X","DOWNTOWN","short",1,220
"ACER FREEMANI   X","DUNBAR-SOUTHLANDS","short",1,64
"ACER FREEMANI   X","FAIRVIEW","short",1,119
"ACER FREEMANI   X","GRANDVIEW-WOODLAND","short",1,168
"ACER FREEMANI   X","HASTINGS-SUNRISE","short",1,160
"ACER FREEMANI   X","KENSINGTON-CEDAR COTTAGE","short",1,233
"ACER FREEMANI   X","KERRISDALE","short",1,72
"ACER FREEMANI   X","KILLARNEY","short",1,174
"ACER FREEMANI   X","KITSILANO","short",1,90
"ACER FREEMANI   X","MARPOLE","short",1,137
"ACER FREEMANI   X","MOUNT PLEASANT","short",1,121
"ACER FREEMANI   X","OAKRIDGE","short",1,78
"ACER FREEMANI   X","RENFREW-COLLINGWOOD","short",1,275
"ACER FREEMANI   X","RILEY PARK","short",1,123
"ACER FREEMANI   X","SHAUGHNESSY","short",1,92
"ACER FREEMANI   X","SOUTH CAMBIE","short",1,108
"ACER FREEMANI   X","STRATHCONA","short",1,47
"ACER FREEMANI   X","SUNSET","short",1,219
"ACER FREEMANI   X","VICTORIA-FRASERVIEW","short",1,143
"ACER FREEMANI   X","WEST END","short",1,138
"ACER FREEMANI   X","WEST POINT GREY","short",1,32
"ACER PLATANOIDES","ARBUTUS-RIDGE","short",1,104
"ACER PLATANOIDES","DOWNTOWN","short",1,209
"ACER PLATANOIDES","DUNBAR-SOUTHLANDS","short",1,320
"ACER PLATANOIDES","FAIRVIEW","short",1,130
"ACER PLATANOIDES","GRANDVIEW-WOODLAND","short",1,215
"ACER PLATANOIDES","HASTINGS-SUNRISE","short",1,447
"ACER PLATANOIDES","KENSINGTON-CEDAR COTTAGE","short",1,418
"ACER PLATANOIDES","KERRISDALE","short",1,366
"ACER PLATANOIDES","KILLARNEY","short",1,113
"ACER PLATANOIDES","KITSILANO","short",1,264
"ACER PLATANOIDES","MARPOLE","short",1,157
"ACER PLATANOIDES","MOUNT PLEASANT","short",1,133
"ACER PLATANOIDES","OAKRIDGE","short",1,173
"ACER PLATANOIDES","RENFREW-COLLINGWOOD","short",1,447
"ACER PLATANOIDES","RILEY PARK","short",1,212
"ACER PLATANOIDES","SHAUGHNESSY","short",1,363
"ACER PLATANOIDES","SOUTH CAMBIE","short",1,116
"ACER PLATANOIDES","STRATHCONA","short",1,73
"ACER PLATANOIDES","SUNSET","short",1,390
"ACER PLATANOIDES","VICTORIA-FRASERVIEW","short",1,251
"ACER PLATANOIDES","WEST END","short",1,93
"ACER PLATANOIDES","WEST POINT GREY","short",1,246
"ACER RUBRUM","ARBUTUS-RIDGE","short",1,124
"ACER RUBRUM","DOWNTOWN","short",1,549
"ACER RUBRUM","DUNBAR-SOUTHLANDS","short",1,307
"ACER RUBRUM","FAIRVIEW","short",1,222
"ACER RUBRUM","GRANDVIEW-WOODLAND","short",1,204
"ACER RUBRUM","HASTINGS-SUNRISE","short",1,264
"ACER RUBRUM","KENSINGTON-CEDAR COTTAGE","short",1,327
"ACER RUBRUM","KERRISDALE","short",1,229
"ACER RUBRUM","KILLARNEY","short",1,256
"ACER RUBRUM","KITSILANO","short",1,111
"ACER RUBRUM","MARPOLE","short",1,198
"ACER RUBRUM","MOUNT PLEASANT","short",1,211
"ACER RUBRUM","OAKRIDGE","short",1,163
"ACER RUBRUM","RENFREW-COLLINGWOOD","short",1,412
"ACER RUBRUM","RILEY PARK","short",1,133
"ACER RUBRUM","SHAUGHNESSY","short",1,148
"ACER RUBRUM","SOUTH CAMBIE","short",1,137
"ACER RUBRUM","STRATHCONA","short",1,132
"ACER RUBRUM","SUNSET","short",1,332
"ACER RUBRUM","VICTORIA-FRASERVIEW","short",1,182
"ACER RUBRUM","WEST END","short",1,187
"ACER RUBRUM","WEST POINT GREY","short",1,60
"CARPINUS BETULUS","ARBUTUS-RIDGE","short",1,71
"CARPINUS BETULUS","DOWNTOWN","short",1,174
"CARPINUS BETULUS","DUNBAR-SOUTHLANDS","short",1,33
"CARPINUS BETULUS","FAIRVIEW","short",1,47
"CARPINUS BETULUS","GRANDVIEW-WOODLAND","short",1,190
"CARPINUS BETULUS","HASTINGS-SUNRISE","short",1,314
"CARPINUS BETULUS","KENSINGTON-CEDAR COTTAGE","short",1,290
"CARPINUS BETULUS","KERRISDALE","short",1,71
"CARPINUS BETULUS","KILLARNEY","short",1,257
"CARPINUS BETULUS","KITSILANO","short",1,71
"CARPINUS BETULUS","MARPOLE","short",1,234
"CARPINUS BETULUS","MOUNT PLEASANT","short",1,202
"CARPINUS BETULUS","OAKRIDGE","short",1,77
"CARPINUS BETULUS","RENFREW-COLLINGWOOD","short",1,253
"CARPINUS BETULUS","RILEY PARK","short",1,149
"CARPINUS BETULUS","SHAUGHNESSY","short",1,63
"CARPINUS BETULUS","SOUTH CAMBIE","short",1,60
"CARPINUS BETULUS","STRATHCONA","short",1,64
"CARPINUS BETULUS","SUNSET","short",1,329
"CARPINUS BETULUS","VICTORIA-FRASERVIEW","short",1,178
"CARPINUS BETULUS","WEST END","short",1,46
"CARPINUS BETULUS","WEST POINT GREY","short",1,18
"FAGUS SYLVATICA","ARBUTUS-RIDGE","short",1,61
"FAGUS SYLVATICA","DOWNTOWN","short",1,289
"FAGUS SYLVATICA","DUNBAR-SOUTHLANDS","short",1,115
"FAGUS SYLVATICA","FAIRVIEW","short",1,102
"FAGUS SYLVATICA","GRANDVIEW-WOODLAND","short",1,162
"FAGUS SYLVATICA","HASTINGS-SUNRISE","short",1,163
"FAGUS SYLVATICA","KENSINGTON-CEDAR COTTAGE","short",1,313
"FAGUS SYLVATICA","KERRISDALE","short",1,72
"FAGUS SYLVATICA","KILLARNEY","short",1,78
"FAGUS SYLVATICA","KITSILANO","short",1,127
"FAGUS SYLVATICA","MARPOLE","short",1,100
"FAGUS SYLVATICA","MOUNT PLEASANT","short",1,127
"FAGUS SYLVATICA","OAKRIDGE","short",1,92
"FAGUS SYLVATICA","RENFREW-COLLINGWOOD","short",1,360
"FAGUS SYLVATICA","RILEY PARK","short",1,155
"FAGUS SYLVATICA","SHAUGHNESSY","short",1,29
"FAGUS SYLVATICA","SOUTH CAMBIE","short",1,79
"FAGUS SYLVATICA","STRATHCONA","short",1,222
"FAGUS SYLVATICA","SUNSET","short",1,182
"FAGUS SYLVATICA","VICTORIA-FRASERVIEW","short",1,380
"FAGUS SYLVATICA","WEST END","short",1,80
"FAGUS SYLVATICA","WEST POINT GREY","short",1,30
"MAGNOLIA KOBUS","ARBUTUS-RIDGE","short",1,106
"MAGNOLIA KOBUS","DOWNTOWN","short",1,48
"MAGNOLIA KOBUS","DUNBAR-SOUTHLANDS","short",1,39
"MAGNOLIA KOBUS","FAIRVIEW","short",1,13
"MAGNOLIA KOBUS","GRANDVIEW-WOODLAND","short",1,91
"MAGNOLIA KOBUS","HASTINGS-SUNRISE","short",1,112
"MAGNOLIA KOBUS","KENSINGTON-CEDAR COTTAGE","short",1,200
"MAGNOLIA KOBUS","KERRISDALE","short",1,150
"MAGNOLIA KOBUS","KILLARNEY","short",1,126
"MAGNOLIA KOBUS","KITSILANO","short",1,204
"MAGNOLIA KOBUS","MARPOLE","short",1,43
"MAGNOLIA KOBUS","MOUNT PLEASANT","short",1,35
"MAGNOLIA KOBUS","OAKRIDGE","short",1,124
"MAGNOLIA KOBUS","RENFREW-COLLINGWOOD","short",1,221
"MAGNOLIA KOBUS","RILEY PARK","short",1,133
"MAGNOLIA KOBUS","SHAUGHNESSY","short",1,96
"MAGNOLIA KOBUS","SOUTH CAMBIE","short",1,47
"MAGNOLIA KOBUS","STRATHCONA","short",1,13
"MAGNOLIA KOBUS","SUNSET","short",1,29
"MAGNOLIA KOBUS","VICTORIA-FRASERVIEW","short",1,139
"MAGNOLIA KOBUS","WEST END","short",1,9
"MAGNOLIA KOBUS","WEST POINT GREY","short",1,45
"PRUNUS CERASIFERA","ARBUTUS-RIDGE","short",1,388
"PRUNUS CERASIFERA","DUNBAR-SOUTHLANDS","short",1,679
"PRUNUS CERASIFERA","FAIRVIEW","short",1,88
"PRUNUS CERASIFERA","GRANDVIEW-WOODLAND","short",1,89
"PRUNUS CERASIFERA","HASTINGS-SUNRISE","short",1,555
"PRUNUS CERASIFERA","KENSINGTON-CEDAR COTTAGE","short",1,310
"PRUNUS CERASIFERA","KERRISDALE","short",1,407
"PRUNUS CERASIFERA","KILLARNEY","short",1,313
"PRUNUS CERASIFERA","KITSILANO","short",1,252
"PRUNUS CERASIFERA","MARPOLE","short",1,386
"PRUNUS CERASIFERA","MOUNT PLEASANT","short",1,58
"PRUNUS CERASIFERA","OAKRIDGE","short",1,519
"PRUNUS CERASIFERA","RENFREW-COLLINGWOOD","short",1,480
"PRUNUS CERASIFERA","RILEY PARK","short",1,438
"PRUNUS CERASIFERA","SHAUGHNESSY","short",1,464
"PRUNUS CERASIFERA","SOUTH CAMBIE","short",1,151
"PRUNUS CERASIFERA","STRATHCONA","short",1,24
"PRUNUS CERASIFERA","SUNSET","short",1,600
"PRUNUS CERASIFERA","VICTORIA-FRASERVIEW","short",1,636
"PRUNUS CERASIFERA","WEST END","short",1,109
"PRUNUS CERASIFERA","WEST POINT GREY","short",1,204
"PRUNUS SERRULATA","ARBUTUS-RIDGE","short",1,221
"PRUNUS SERRULATA","DOWNTOWN","short",1,85
"PRUNUS SERRULATA","DUNBAR-SOUTHLANDS","short",1,570
"PRUNUS SERRULATA","FAIRVIEW","short",1,177
"PRUNUS SERRULATA","GRANDVIEW-WOODLAND","short",1,306
"PRUNUS SERRULATA","HASTINGS-SUNRISE","short",1,206
"PRUNUS SERRULATA","KENSINGTON-CEDAR COTTAGE","short",1,312
"PRUNUS SERRULATA","KERRISDALE","short",1,413
"PRUNUS SERRULATA","KILLARNEY","short",1,217
"PRUNUS SERRULATA","KITSILANO","short",1,341
"PRUNUS SERRULATA","MARPOLE","short",1,402
"PRUNUS SERRULATA","MOUNT PLEASANT","short",1,403
"PRUNUS SERRULATA","OAKRIDGE","short",1,494
"PRUNUS SERRULATA","RENFREW-COLLINGWOOD","short",1,519
"PRUNUS SERRULATA","RILEY PARK","short",1,347
"PRUNUS SERRULATA","SHAUGHNESSY","short",1,304
"PRUNUS SERRULATA","SOUTH CAMBIE","short",1,216
"PRUNUS SERRULATA","STRATHCONA","short",1,99
"PRUNUS SERRULATA","SUNSET","short",1,419
"PRUNUS SERRULATA","VICTORIA-FRASERVIEW","short",1,385
"PRUNUS SERRULATA","WEST END","short",1,226
"PRUNUS SERRULATA","WEST POINT GREY","short",1,180
"TILIA EUCHLORA   X","DOWNTOWN","short",1,33
"TILIA EUCHLORA   X","DUNBAR-SOUTHLANDS","short",1,20
"TILIA EUCHLORA   X","FAIRVIEW","short",1,12
"TILIA EUCHLORA   X","GRANDVIEW-WOODLAND","short",1,13
"TILIA EUCHLORA   X","HASTINGS-SUNRISE","short",1,28
"TILIA EUCHLORA   X","KENSINGTON-CEDAR COTTAGE","short",1,18
"TILIA EUCHLORA   X","KILLARNEY","short",1,123
"TILIA EUCHLORA   X","RENFREW-COLLINGWOOD","short",1,11
"TILIA EUCHLORA   X","RILEY PARK","short",1,22
"TILIA EUCHLORA   X","STRATHCONA","short",1,7
"TILIA EUCHLORA   X","SUNSET","short",1,32
"TILIA EUCHLORA   X","WEST POINT GREY","short",1,7
"ACER CAMPESTRE","ARBUTUS-RIDGE","short",2,75
"ACER CAMPESTRE","DOWNTOWN","short",2,73
"ACER CAMPESTRE","DUNBAR-SOUTHLANDS","short",2,168
"ACER CAMPESTRE","FAIRVIEW","short",2,51
"ACER CAMPESTRE","GRANDVIEW-WOODLAND","short",2,116
"ACER CAMPESTRE","HASTINGS-SUNRISE","short",2,158
"ACER CAMPESTRE","KENSINGTON-CEDAR COTTAGE","short",2,185
"ACER CAMPESTRE","KERRISDALE","short",2,60
"ACER CAMPESTRE","KILLARNEY","short",2,73
"ACER CAMPESTRE","KITSILANO","short",2,83
"ACER CAMPESTRE","MARPOLE","short",2,87
"ACER CAMPESTRE","MOUNT PLEASANT","short",2,59
"ACER CAMPESTRE","OAKRIDGE","short",2,82
"ACER CAMPESTRE","RENFREW-COLLINGWOOD","short",2,186
"ACER CAMPESTRE","RILEY PARK","short",2,113
"ACER CAMPESTRE","SHAUGHNESSY","short",2,100
"ACER CAMPESTRE","SOUTH CAMBIE","short",2,92
"ACER CAMPESTRE","STRATHCONA","short",2,36
"ACER CAMPESTRE","SUNSET","short",2,167
"ACER CAMPESTRE","VICTORIA-FRASERVIEW","short",2,166
"ACER CAMPESTRE","WEST END","short",2,38
"ACER CAMPESTRE","WEST POINT GREY","short",2,20
"ACER FREEMANI   X","ARBUTUS-RIDGE","short",2,22
"ACER FREEMANI   X","DOWNTOWN","short",2,220
"ACER FREEMANI   X","DUNBAR-SOUTHLANDS","short",2,64
"ACER FREEMANI   X","FAIRVIEW","short",2,119
"ACER FREEMANI   X","GRANDVIEW-WOODLAND","short",2,168
"ACER FREEMANI   X","HASTINGS-SUNRISE","short",2,160
"ACER FREEMANI   X","KENSINGTON-CEDAR COTTAGE","short",2,233
"ACER FREEMANI   X","KERRISDALE","short",2,72
"ACER FREEMANI   X","KILLARNEY","short",2,174
"ACER FREEMANI   X","KITSILANO","short",2,90
"ACER FREEMANI   X","MARPOLE","short",2,137
"ACER FREEMANI   X","MOUNT PLEASANT","short",2,121
"ACER FREEMANI   X","OAKRIDGE","short",2,78
"ACER FREEMANI   X","RENFREW-COLLINGWOOD","short",2,275
"ACER FREEMANI   X","RILEY PARK","short",2,123
"ACER FREEMANI   X","SHAUGHNESSY","short",2,92
"ACER FREEMANI   X","SOUTH CAMBIE","short",2,108
"ACER FREEMANI   X","STRATHCONA","short",2,47
"ACER FREEMANI   X","SUNSET","short",2,219
"ACER FREEMANI   X","VICTORIA-FRASERVIEW","short",2,143
"ACER FREEMANI   X","WEST END","short",2,138
"ACER FREEMANI   X","WEST POINT GREY","short",2,32
"ACER PLATANOIDES","ARBUTUS-RIDGE","short",2,104
"ACER PLATANOIDES","DOWNTOWN","short",2,209
"ACER PLATANOIDES","DUNBAR-SOUTHLANDS","short",2,320
"ACER PLATANOIDES","FAIRVIEW","short",2,130
"ACER PLATANOIDES","GRANDVIEW-WOODLAND","short",2,215
"ACER PLATANOIDES","HASTINGS-SUNRISE","short",2,447
"ACER PLATANOIDES","KENSINGTON-CEDAR COTTAGE","short",2,418
"ACER PLATANOIDES","KERRISDALE","short",2,366
"ACER PLATANOIDES","KILLARNEY","short",2,113
"ACER PLATANOIDES","KITSILANO","short",2,264
"ACER PLATANOIDES","MARPOLE","short",2,157
"ACER PLATANOIDES","MOUNT PLEASANT","short",2,133
"ACER PLATANOIDES","OAKRIDGE","short",2,173
"ACER PLATANOIDES","RENFREW-COLLINGWOOD","short",2,447
"ACER PLATANOIDES","RILEY PARK","short",2,212
"ACER PLATANOIDES","SHAUGHNESSY","short",2,363
"ACER PLATANOIDES","SOUTH CAMBIE","short",2,116
"ACER PLATANOIDES","STRATHCONA","short",2,73
"ACER PLATANOIDES","SUNSET","short",2,390
"ACER PLATANOIDES","VICTORIA-FRASERVIEW","short",2,251
"ACER PLATANOIDES","WEST END","short",2,93
"ACER PLATANOIDES","WEST POINT GREY","short",2,246
"ACER RUBRUM","ARBUTUS-RIDGE","short",2,124
"ACER RUBRUM","DOWNTOWN","short",2,549
"ACER RUBRUM","DUNBAR-SOUTHLANDS","short",2,307
"ACER RUBRUM","FAIRVIEW","short",2,222
"ACER RUBRUM","GRANDVIEW-WOODLAND","short",2,204
"ACER RUBRUM","HASTINGS-SUNRISE","short",2,264
"ACER RUBRUM","KENSINGTON-CEDAR COTTAGE","short",2,327
"ACER RUBRUM","KERRISDALE","short",2,229
"ACER RUBRUM","KILLARNEY","short",2,256
"ACER RUBRUM","KITSILANO","short",2,111
"ACER RUBRUM","MARPOLE","short",2,198
"ACER RUBRUM","MOUNT PLEASANT","short",2,211
"ACER RUBRUM","OAKRIDGE","short",2,163
"ACER RUBRUM","RENFREW-COLLINGWOOD","short",2,412
"ACER RUBRUM","RILEY PARK","short",2,133
"ACER RUBRUM","SHAUGHNESSY","short",2,148
"ACER RUBRUM","SOUTH CAMBIE","short",2,137
"ACER RUBRUM","STRATHCONA","short",2,132
"ACER RUBRUM","SUNSET","short",2,332
"ACER RUBRUM","VICTORIA-FRASERVIEW","short",2,182
"ACER RUBRUM","WEST END","short",2,187
"ACER RUBRUM","WEST POINT GREY","short",2,60
"CARPINUS BETULUS","ARBUTUS-RIDGE","short",2,71
"CARPINUS BETULUS","DOWNTOWN","short",2,174
"CARPINUS BETULUS","DUNBAR-SOUTHLANDS","short",2,33
"CARPINUS BETULUS","FAIRVIEW","short",2,47
"CARPINUS BETULUS","GRANDVIEW-WOODLAND","short",2,190
"CARPINUS BETULUS","HASTINGS-SUNRISE","short",2,314
"CARPINUS BETULUS","KENSINGTON-CEDAR COTTAGE","short",2,290
"CARPINUS BETULUS","KERRISDALE","short",2,71
"CARPINUS BETULUS","KILLARNEY","short",2,257
"CARPINUS BETULUS","KITSILANO","short",2,71
"CARPINUS BETULUS","MARPOLE","short",2,234
"CARPINUS BETULUS","MOUNT PLEASANT","short",2,202
"CARPINUS BETULUS","OAKRIDGE","short",2,77
"CARPINUS BETULUS","RENFREW-COLLINGWOOD","short",2,253
"CARPINUS BETULUS","RILEY PARK","short",2,149
"CARPINUS BETULUS","SHAUGHNESSY","short",2,63
"CARPINUS BETULUS","SOUTH CAMBIE","short",2,60
"CARPINUS BETULUS","STRATHCONA","short",2,64
"CARPINUS BETULUS","SUNSET","short",2,329
"CARPINUS BETULUS","VICTORIA-FRASERVIEW","short",2,178
"CARPINUS BETULUS","WEST END","short",2,46
"CARPINUS BETULUS","WEST POINT GREY","short",2,18
"FAGUS SYLVATICA","ARBUTUS-RIDGE","short",2,61
"FAGUS SYLVATICA","DOWNTOWN","short",2,289
"FAGUS SYLVATICA","DUNBAR-SOUTHLANDS","short",2,115
"FAGUS SYLVATICA","FAIRVIEW","short",2,102
"FAGUS SYLVATICA","GRANDVIEW-WOODLAND","short",2,162
"FAGUS SYLVATICA","HASTINGS-SUNRISE","short",2,163
"FAGUS SYLVATICA","KENSINGTON-CEDAR COTTAGE","short",2,313
"FAGUS SYLVATICA","KERRISDALE","short",2,72
"FAGUS SYLVATICA","KILLARNEY","short",2,78
"FAGUS SYLVATICA","KITSILANO","short",2,127
"FAGUS SYLVATICA","MARPOLE","short",2,100
"FAGUS SYLVATICA","MOUNT PLEASANT","short",2,127
"FAGUS SYLVATICA","OAKRIDGE","short",2,92
"FAGUS SYLVATICA","RENFREW-COLLINGWOOD","short",2,360
"FAGUS SYLVATICA","RILEY PARK","short",2,155
"FAGUS SYLVATICA","SHAUGHNESSY","short",2,29
"FAGUS SYLVATICA","SOUTH CAMBIE","short",2,79
"FAGUS SYLVATICA","STRATHCONA","short",2,222
"FAGUS SYLVATICA","SUNSET","short",2,182
"FAGUS SYLVATICA","VICTORIA-FRASERVIEW","short",2,380
"FAGUS SYLVATICA","WEST END","short",2,80
"FAGUS SYLVATICA","WEST POINT GREY","short",2,30
"MAGNOLIA KOBUS","ARBUTUS-RIDGE","short",2,106
"MAGNOLIA KOBUS","DOWNTOWN","short",2,48
"MAGNOLIA KOBUS","DUNBAR-SOUTHLANDS","short",2,39
"MAGNOLIA KOBUS","FAIRVIEW","short",2,13
"MAGNOLIA KOBUS","GRANDVIEW-WOODLAND","short",2,91
"MAGNOLIA KOBUS","HASTINGS-SUNRISE","short",2,112
"MAGNOLIA KOBUS","KENSINGTON-CEDAR COTTAGE","short",2,200
"MAGNOLIA KOBUS","KERRISDALE","short",2,150
"MAGNOLIA KOBUS","KILLARNEY","short",2,126
"MAGNOLIA KOBUS","KITSILANO","short",2,204
"MAGNOLIA KOBUS","MARPOLE","short",2,43
"MAGNOLIA KOBUS","MOUNT PLEASANT","short",2,35
"MAGNOLIA KOBUS","OAKRIDGE","short",2,124
"MAGNOLIA KOBUS","RENFREW-COLLINGWOOD","short",2,221
"MAGNOLIA KOBUS","RILEY PARK","short",2,133
"MAGNOLIA KOBUS","SHAUGHNESSY","short",2,96
"MAGNOLIA KOBUS","SOUTH CAMBIE","short",2,47
"MAGNOLIA KOBUS","STRATHCONA","short",2,13
"MAGNOLIA KOBUS","SUNSET","short",2,29
"MAGNOLIA KOBUS","VICTORIA-FRASERVIEW","short",2,139
"MAGNOLIA KOBUS","WEST END","short",2,9
"MAGNOLIA KOBUS","WEST POINT GREY","short",2,45
"PRUNUS CERASIFERA","ARBUTUS-RIDGE","short",2,388
"PRUNUS CERASIFERA","DUNBAR-SOUTHLANDS","short",2,679
"PRUNUS CERASIFERA","FAIRVIEW","short",2,88
"PRUNUS CERASIFERA","GRANDVIEW-WOODLAND","short",2,89
"PRUNUS CERASIFERA","HASTINGS-SUNRISE","short",2,555
"PRUNUS CERASIFERA","KENSINGTON-CEDAR COTTAGE","short",2,310
"PRUNUS CERASIFERA","KERRISDALE","short",2,407
"PRUNUS CERASIFERA","KILLARNEY","short",2,313
"PRUNUS CERASIFERA","KITSILANO","short",2,252
"PRUNUS CERASIFERA","MARPOLE","short",2,386
"PRUNUS CERASIFERA","MOUNT PLEASANT","short",2,58
"PRUNUS CERASIFERA","OAKRIDGE","short",2,519
"PRUNUS CERASIFERA","RENFREW-COLLINGWOOD","short",2,480
"PRUNUS CERASIFERA","RILEY PARK","short",2,438
"PRUNUS CERASIFERA","SHAUGHNESSY","short",2,464
"PRUNUS CERASIFERA","SOUTH CAMBIE","short",2,151
"PRUNUS CERASIFERA","STRATHCONA","short",2,24
"PRUNUS CERASIFERA","SUNSET","short",2,600
"PRUNUS CERASIFERA","VICTORIA-FRASERVIEW","short",2,636
"PRUNUS CERASIFERA","WEST END","short",2,109
"PRUNUS CERASIFERA","WEST POINT GREY","short",2,204
"PRUNUS SERRULATA","ARBUTUS-RIDGE","short",2,221
"PRUNUS SERRULATA","DOWNTOWN","short",2,85
"PRUNUS SERRULATA","DUNBAR-SOUTHLANDS","short",2,570
"PRUNUS SERRULATA","FAIRVIEW","short",2,177
"PRUNUS SERRULATA","GRANDVIEW-WOODLAND","short",2,306
"PRUNUS SERRULATA","HASTINGS-SUNRISE","short",2,206
"PRUNUS SERRULATA","KENSINGTON-CEDAR COTTAGE","short",2,312
"PRUNUS SERRULATA","KERRISDALE","short",2,413
"PRUNUS SERRULATA","KILLARNEY","short",2,217
"PRUNUS SERRULATA","KITSILANO","short",2,341
"PRUNUS SERRULATA","MARPOLE","short",2,402
"PRUNUS SERRULATA","MOUNT PLEASANT","short",2,403
"PRUNUS SERRULATA","OAKRIDGE","short",2,494
"PRUNUS SERRULATA","RENFREW-COLLINGWOOD","short",2,519
"PRUNUS SERRULATA","RILEY PARK","short",2,347
"PRUNUS SERRULATA","SHAUGHNESSY","short",2,304
"PRUNUS SERRULATA","SOUTH CAMBIE","short",2,216
"PRUNUS SERRULATA","STRATHCONA","short",2,99
"PRUNUS SERRULATA","SUNSET","short",2,419
"PRUNUS SERRULATA","VICTORIA-FRASERVIEW","short",2,385
"PRUNUS SERRULATA","WEST END","short",2,226
"PRUNUS SERRULATA","WEST POINT GREY","short",2,180
"TILIA EUCHLORA   X","DOWNTOWN","short",2,33
"TILIA EUCHLORA   X","DUNBAR-SOUTHLANDS","short",2,20
"TILIA EUCHLORA   X","FAIRVIEW","short",2,12
"TILIA EUCHLORA   X","GRANDVIEW-WOODLAND","short",2,13
"TILIA EUCHLORA   X","HASTINGS-SUNRISE","short",2,28
"TILIA EUCHLORA   X","KENSINGTON-CEDAR COTTAGE","short",2,18
"TILIA EUCHLORA   X","KERRISDALE","short",2,14
"TILIA EUCHLORA   X","KILLARNEY","short",2,123
"TILIA EUCHLORA   X","KITSILANO","short",2,41
"TILIA EUCHLORA   X","MARPOLE","short",2,3
"TILIA EUCHLORA   X","MOUNT PLEASANT","short",2,35
"TILIA EUCHLORA   X","OAKRIDGE","short",2,10
"TILIA EUCHLORA   X","RENFREW-COLLINGWOOD","short",2,11
"TILIA EUCHLORA   X","RILEY PARK","short",2,22
"TILIA EUCHLORA   X","SHAUGHNESSY","short",2,5
"TILIA EUCHLORA   X","SOUTH CAMBIE","short",2,12
"TILIA EUCHLORA   X","STRATHCONA","short",2,7
"TILIA EUCHLORA   X","SUNSET","short",2,32
"TILIA EUCHLORA   X","VICTORIA-FRASERVIEW","short",2,28
"TILIA EUCHLORA   X","WEST END","short",2,14
"TILIA EUCHLORA   X","WEST POINT GREY","short",2,7
"ACER CAMPESTRE","ARBUTUS-RIDGE","medium",3,45
"ACER CAMPESTRE","DOWNTOWN","medium",3,73
"ACER CAMPESTRE","DUNBAR-SOUTHLANDS","medium",3,79
"ACER CAMPESTRE","FAIRVIEW","medium",3,29
"ACER CAMPESTRE","GRANDVIEW-WOODLAND","medium",3,48
"ACER CAMPESTRE","HASTINGS-SUNRISE","medium",3,193
"ACER CAMPESTRE","KENSINGTON-CEDAR COTTAGE","medium",3,147
"ACER CAMPESTRE","KERRISDALE","medium",3,10
"ACER CAMPESTRE","KILLARNEY","medium",3,14
"ACER CAMPESTRE","KITSILANO","medium",3,41
"ACER CAMPESTRE","MARPOLE","medium",3,7
"ACER CAMPESTRE","MOUNT PLEASANT","medium",3,36
"ACER CAMPESTRE","OAKRIDGE","medium",3,8
"ACER CAMPESTRE","RENFREW-COLLINGWOOD","medium",3,126
"ACER CAMPESTRE","RILEY PARK","medium",3,140
"ACER CAMPESTRE","SHAUGHNESSY","medium",3,41
"ACER CAMPESTRE","SOUTH CAMBIE","medium",3,15
"ACER CAMPESTRE","STRATHCONA","medium",3,13
"ACER CAMPESTRE","SUNSET","medium",3,90
"ACER CAMPESTRE","VICTORIA-FRASERVIEW","medium",3,56
"ACER CAMPESTRE","WEST END","medium",3,24
"ACER CAMPESTRE","WEST POINT GREY","medium",3,17
"ACER FREEMANI   X","DOWNTOWN","medium",3,104
"ACER FREEMANI   X","DUNBAR-SOUTHLANDS","medium",3,31
"ACER FREEMANI   X","FAIRVIEW","medium",3,47
"ACER FREEMANI   X","GRANDVIEW-WOODLAND","medium",3,93
"ACER FREEMANI   X","HASTINGS-SUNRISE","medium",3,154
"ACER FREEMANI   X","KENSINGTON-CEDAR COTTAGE","medium",3,94
"ACER FREEMANI   X","KERRISDALE","medium",3,28
"ACER FREEMANI   X","KILLARNEY","medium",3,102
"ACER FREEMANI   X","KITSILANO","medium",3,34
"ACER FREEMANI   X","MARPOLE","medium",3,28
"ACER FREEMANI   X","MOUNT PLEASANT","medium",3,191
"ACER FREEMANI   X","OAKRIDGE","medium",3,6
"ACER FREEMANI   X","RENFREW-COLLINGWOOD","medium",3,60
"ACER FREEMANI   X","RILEY PARK","medium",3,47
"ACER FREEMANI   X","SHAUGHNESSY","medium",3,9
"ACER FREEMANI   X","SOUTH CAMBIE","medium",3,15
"ACER FREEMANI   X","STRATHCONA","medium",3,8
"ACER FREEMANI   X","SUNSET","medium",3,40
"ACER FREEMANI   X","VICTORIA-FRASERVIEW","medium",3,57
"ACER FREEMANI   X","WEST END","medium",3,95
"ACER FREEMANI   X","WEST POINT GREY","medium",3,37
"ACER PLATANOIDES","ARBUTUS-RIDGE","medium",3,84
"ACER PLATANOIDES","DOWNTOWN","medium",3,136
"ACER PLATANOIDES","DUNBAR-SOUTHLANDS","medium",3,558
"ACER PLATANOIDES","FAIRVIEW","medium",3,179
"ACER PLATANOIDES","GRANDVIEW-WOODLAND","medium",3,123
"ACER PLATANOIDES","HASTINGS-SUNRISE","medium",3,294
"ACER PLATANOIDES","KENSINGTON-CEDAR COTTAGE","medium",3,219
"ACER PLATANOIDES","KERRISDALE","medium",3,557
"ACER PLATANOIDES","KILLARNEY","medium",3,56
"ACER PLATANOIDES","KITSILANO","medium",3,550
"ACER PLATANOIDES","MARPOLE","medium",3,271
"ACER PLATANOIDES","MOUNT PLEASANT","medium",3,174
"ACER PLATANOIDES","OAKRIDGE","medium",3,83
"ACER PLATANOIDES","RENFREW-COLLINGWOOD","medium",3,171
"ACER PLATANOIDES","RILEY PARK","medium",3,193
"ACER PLATANOIDES","SHAUGHNESSY","medium",3,488
"ACER PLATANOIDES","SOUTH CAMBIE","medium",3,139
"ACER PLATANOIDES","STRATHCONA","medium",3,51
"ACER PLATANOIDES","SUNSET","medium",3,226
"ACER PLATANOIDES","VICTORIA-FRASERVIEW","medium",3,48
"ACER PLATANOIDES","WEST END","medium",3,129
"ACER PLATANOIDES","WEST POINT GREY","medium",3,293
"ACER RUBRUM","ARBUTUS-RIDGE","medium",3,111
"ACER RUBRUM","DOWNTOWN","medium",3,466
"ACER RUBRUM","DUNBAR-SOUTHLANDS","medium",3,93
"ACER RUBRUM","FAIRVIEW","medium",3,344
"ACER RUBRUM","GRANDVIEW-WOODLAND","medium",3,256
"ACER RUBRUM","HASTINGS-SUNRISE","medium",3,207
"ACER RUBRUM","KENSINGTON-CEDAR COTTAGE","medium",3,230
"ACER RUBRUM","KERRISDALE","medium",3,51
"ACER RUBRUM","KILLARNEY","medium",3,266
"ACER RUBRUM","KITSILANO","medium",3,199
"ACER RUBRUM","MARPOLE","medium",3,150
"ACER RUBRUM","MOUNT PLEASANT","medium",3,293
"ACER RUBRUM","OAKRIDGE","medium",3,42
"ACER RUBRUM","RENFREW-COLLINGWOOD","medium",3,165
"ACER RUBRUM","RILEY PARK","medium",3,73
"ACER RUBRUM","SHAUGHNESSY","medium",3,66
"ACER RUBRUM","SOUTH CAMBIE","medium",3,59
"ACER RUBRUM","STRATHCONA","medium",3,62
"ACER RUBRUM","SUNSET","medium",3,74
"ACER RUBRUM","VICTORIA-FRASERVIEW","medium",3,63
"ACER RUBRUM","WEST END","medium",3,150
"ACER RUBRUM","WEST POINT GREY","medium",3,86
"CARPINUS BETULUS","ARBUTUS-RIDGE","medium",3,63
"CARPINUS BETULUS","DOWNTOWN","medium",3,115
"CARPINUS BETULUS","DUNBAR-SOUTHLANDS","medium",3,9
"CARPINUS BETULUS","FAIRVIEW","medium",3,76
"CARPINUS BETULUS","GRANDVIEW-WOODLAND","medium",3,198
"CARPINUS BETULUS","HASTINGS-SUNRISE","medium",3,224
"CARPINUS BETULUS","KENSINGTON-CEDAR COTTAGE","medium",3,205
"CARPINUS BETULUS","KERRISDALE","medium",3,13
"CARPINUS BETULUS","KILLARNEY","medium",3,71
"CARPINUS BETULUS","KITSILANO","medium",3,118
"CARPINUS BETULUS","MARPOLE","medium",3,85
"CARPINUS BETULUS","MOUNT PLEASANT","medium",3,63
"CARPINUS BETULUS","OAKRIDGE","medium",3,8
"CARPINUS BETULUS","RENFREW-COLLINGWOOD","medium",3,189
"CARPINUS BETULUS","RILEY PARK","medium",3,135
"CARPINUS BETULUS","SHAUGHNESSY","medium",3,25
"CARPINUS BETULUS","SOUTH CAMBIE","medium",3,12
"CARPINUS BETULUS","STRATHCONA","medium",3,102
"CARPINUS BETULUS","SUNSET","medium",3,130
"CARPINUS BETULUS","VICTORIA-FRASERVIEW","medium",3,60
"CARPINUS BETULUS","WEST END","medium",3,62
"CARPINUS BETULUS","WEST POINT GREY","medium",3,11
"FAGUS SYLVATICA","ARBUTUS-RIDGE","medium",3,34
"FAGUS SYLVATICA","DOWNTOWN","medium",3,128
"FAGUS SYLVATICA","DUNBAR-SOUTHLANDS","medium",3,15
"FAGUS SYLVATICA","FAIRVIEW","medium",3,39
"FAGUS SYLVATICA","GRANDVIEW-WOODLAND","medium",3,100
"FAGUS SYLVATICA","HASTINGS-SUNRISE","medium",3,87
"FAGUS SYLVATICA","KENSINGTON-CEDAR COTTAGE","medium",3,122
"FAGUS SYLVATICA","KERRISDALE","medium",3,21
"FAGUS SYLVATICA","KILLARNEY","medium",3,33
"FAGUS SYLVATICA","KITSILANO","medium",3,65
"FAGUS SYLVATICA","MARPOLE","medium",3,27
"FAGUS SYLVATICA","MOUNT PLEASANT","medium",3,70
"FAGUS SYLVATICA","OAKRIDGE","medium",3,4
"FAGUS SYLVATICA","RENFREW-COLLINGWOOD","medium",3,188
"FAGUS SYLVATICA","RILEY PARK","medium",3,43
"FAGUS SYLVATICA","SHAUGHNESSY","medium",3,9
"FAGUS SYLVATICA","SOUTH CAMBIE","medium",3,36
"FAGUS SYLVATICA","STRATHCONA","medium",3,15
"FAGUS SYLVATICA","SUNSET","medium",3,73
"FAGUS SYLVATICA","VICTORIA-FRASERVIEW","medium",3,28
"FAGUS SYLVATICA","WEST END","medium",3,20
"FAGUS SYLVATICA","WEST POINT GREY","medium",3,15
"MAGNOLIA KOBUS","ARBUTUS-RIDGE","medium",3,40
"MAGNOLIA KOBUS","DOWNTOWN","medium",3,8
"MAGNOLIA KOBUS","DUNBAR-SOUTHLANDS","medium",3,13
"MAGNOLIA KOBUS","GRANDVIEW-WOODLAND","medium",3,2
"MAGNOLIA KOBUS","HASTINGS-SUNRISE","medium",3,126
"MAGNOLIA KOBUS","KENSINGTON-CEDAR COTTAGE","medium",3,56
"MAGNOLIA KOBUS","KERRISDALE","medium",3,61
"MAGNOLIA KOBUS","KILLARNEY","medium",3,6
"MAGNOLIA KOBUS","KITSILANO","medium",3,85
"MAGNOLIA KOBUS","MARPOLE","medium",3,5
"MAGNOLIA KOBUS","MOUNT PLEASANT","medium",3,1
"MAGNOLIA KOBUS","OAKRIDGE","medium",3,23
"MAGNOLIA KOBUS","RENFREW-COLLINGWOOD","medium",3,58
"MAGNOLIA KOBUS","RILEY PARK","medium",3,8
"MAGNOLIA KOBUS","SHAUGHNESSY","medium",3,22
"MAGNOLIA KOBUS","SOUTH CAMBIE","medium",3,10
"MAGNOLIA KOBUS","STRATHCONA","medium",3,1
"MAGNOLIA KOBUS","SUNSET","medium",3,12
"MAGNOLIA KOBUS","VICTORIA-FRASERVIEW","medium",3,108
"MAGNOLIA KOBUS","WEST END","medium",3,1
"MAGNOLIA KOBUS","WEST POINT GREY","medium",3,22
"PRUNUS CERASIFERA","ARBUTUS-RIDGE","medium",3,506
"PRUNUS CERASIFERA","DOWNTOWN","medium",3,3
"PRUNUS CERASIFERA","DUNBAR-SOUTHLANDS","medium",3,382
"PRUNUS CERASIFERA","FAIRVIEW","medium",3,46
"PRUNUS CERASIFERA","GRANDVIEW-WOODLAND","medium",3,75
"PRUNUS CERASIFERA","HASTINGS-SUNRISE","medium",3,417
"PRUNUS CERASIFERA","KENSINGTON-CEDAR COTTAGE","medium",3,244
"PRUNUS CERASIFERA","KERRISDALE","medium",3,225
"PRUNUS CERASIFERA","KILLARNEY","medium",3,209
"PRUNUS CERASIFERA","KITSILANO","medium",3,183
"PRUNUS CERASIFERA","MARPOLE","medium",3,225
"PRUNUS CERASIFERA","MOUNT PLEASANT","medium",3,66
"PRUNUS CERASIFERA","OAKRIDGE","medium",3,139
"PRUNUS CERASIFERA","RENFREW-COLLINGWOOD","medium",3,476
"PRUNUS CERASIFERA","RILEY PARK","medium",3,194
"PRUNUS CERASIFERA","SHAUGHNESSY","medium",3,168
"PRUNUS CERASIFERA","SOUTH CAMBIE","medium",3,40
"PRUNUS CERASIFERA","STRATHCONA","medium",3,4
"PRUNUS CERASIFERA","SUNSET","medium",3,326
"PRUNUS CERASIFERA","VICTORIA-FRASERVIEW","medium",3,605
"PRUNUS CERASIFERA","WEST END","medium",3,145
"PRUNUS CERASIFERA","WEST POINT GREY","medium",3,193
"PRUNUS SERRULATA","ARBUTUS-RIDGE","medium",3,217
"PRUNUS SERRULATA","DOWNTOWN","medium",3,21
"PRUNUS SERRULATA","DUNBAR-SOUTHLANDS","medium",3,423
"PRUNUS SERRULATA","FAIRVIEW","medium",3,142
"PRUNUS SERRULATA","GRANDVIEW-WOODLAND","medium",3,277
"PRUNUS SERRULATA","HASTINGS-SUNRISE","medium",3,324
"PRUNUS SERRULATA","KENSINGTON-CEDAR COTTAGE","medium",3,690
"PRUNUS SERRULATA","KERRISDALE","medium",3,303
"PRUNUS SERRULATA","KILLARNEY","medium",3,212
"PRUNUS SERRULATA","KITSILANO","medium",3,215
"PRUNUS SERRULATA","MARPOLE","medium",3,397
"PRUNUS SERRULATA","MOUNT PLEASANT","medium",3,545
"PRUNUS SERRULATA","OAKRIDGE","medium",3,232
"PRUNUS SERRULATA","RENFREW-COLLINGWOOD","medium",3,461
"PRUNUS SERRULATA","RILEY PARK","medium",3,475
"PRUNUS SERRULATA","SHAUGHNESSY","medium",3,163
"PRUNUS SERRULATA","SOUTH CAMBIE","medium",3,113
"PRUNUS SERRULATA","STRATHCONA","medium",3,88
"PRUNUS SERRULATA","SUNSET","medium",3,432
"PRUNUS SERRULATA","VICTORIA-FRASERVIEW","medium",3,453
"PRUNUS SERRULATA","WEST END","medium",3,158
"PRUNUS SERRULATA","WEST POINT GREY","medium",3,163
"TILIA EUCHLORA   X","ARBUTUS-RIDGE","medium",3,47
"TILIA EUCHLORA   X","DOWNTOWN","medium",3,122
"TILIA EUCHLORA   X","DUNBAR-SOUTHLANDS","medium",3,56
"TILIA EUCHLORA   X","FAIRVIEW","medium",3,79
"TILIA EUCHLORA   X","GRANDVIEW-WOODLAND","medium",3,177
"TILIA EUCHLORA   X","HASTINGS-SUNRISE","medium",3,223
"TILIA EUCHLORA   X","KENSINGTON-CEDAR COTTAGE","medium",3,298
"TILIA EUCHLORA   X","KERRISDALE","medium",3,100
"TILIA EUCHLORA   X","KILLARNEY","medium",3,551
"TILIA EUCHLORA   X","KITSILANO","medium",3,389
"TILIA EUCHLORA   X","MARPOLE","medium",3,19
"TILIA EUCHLORA   X","MOUNT PLEASANT","medium",3,180
"TILIA EUCHLORA   X","OAKRIDGE","medium",3,28
"TILIA EUCHLORA   X","RENFREW-COLLINGWOOD","medium",3,343
"TILIA EUCHLORA   X","RILEY PARK","medium",3,247
"TILIA EUCHLORA   X","SHAUGHNESSY","medium",3,52
"TILIA EUCHLORA   X","SOUTH CAMBIE","medium",3,48
"TILIA EUCHLORA   X","STRATHCONA","medium",3,71
"TILIA EUCHLORA   X","SUNSET","medium",3,279
"TILIA EUCHLORA   X","VICTORIA-FRASERVIEW","medium",3,399
"TILIA EUCHLORA   X","WEST END","medium",3,89
"TILIA EUCHLORA   X","WEST POINT GREY","medium",3,70
"ACER CAMPESTRE","ARBUTUS-RIDGE","medium",4,45
"ACER CAMPESTRE","DOWNTOWN","medium",4,73
"ACER CAMPESTRE","DUNBAR-SOUTHLANDS","medium",4,79
"ACER CAMPESTRE","FAIRVIEW","medium",4,29
"ACER CAMPESTRE","GRANDVIEW-WOODLAND","medium",4,48
"ACER CAMPESTRE","HASTINGS-SUNRISE","medium",4,193
"ACER CAMPESTRE","KENSINGTON-CEDAR COTTAGE","medium",4,147
"ACER CAMPESTRE","KERRISDALE","medium",4,10
"ACER CAMPESTRE","KILLARNEY","medium",4,14
"ACER CAMPESTRE","KITSILANO","medium",4,41
"ACER CAMPESTRE","MOUNT PLEASANT","medium",4,36
"ACER CAMPESTRE","OAKRIDGE","medium",4,8
"ACER CAMPESTRE","RENFREW-COLLINGWOOD","medium",4,126
"ACER CAMPESTRE","RILEY PARK","medium",4,140
"ACER CAMPESTRE","SHAUGHNESSY","medium",4,41
"ACER CAMPESTRE","SOUTH CAMBIE","medium",4,15
"ACER CAMPESTRE","STRATHCONA","medium",4,13
"ACER CAMPESTRE","SUNSET","medium",4,90
"ACER CAMPESTRE","VICTORIA-FRASERVIEW","medium",4,56
"ACER CAMPESTRE","WEST END","medium",4,24
"ACER CAMPESTRE","WEST POINT GREY","medium",4,17
"ACER FREEMANI   X","ARBUTUS-RIDGE","medium",4,6
"ACER FREEMANI   X","DOWNTOWN","medium",4,104
"ACER FREEMANI   X","DUNBAR-SOUTHLANDS","medium",4,31
"ACER FREEMANI   X","FAIRVIEW","medium",4,47
"ACER FREEMANI   X","GRANDVIEW-WOODLAND","medium",4,93
"ACER FREEMANI   X","HASTINGS-SUNRISE","medium",4,154
"ACER FREEMANI   X","KENSINGTON-CEDAR COTTAGE","medium",4,94
"ACER FREEMANI   X","KERRISDALE","medium",4,28
"ACER FREEMANI   X","KILLARNEY","medium",4,102
"ACER FREEMANI   X","KITSILANO","medium",4,34
"ACER FREEMANI   X","MARPOLE","medium",4,28
"ACER FREEMANI   X","MOUNT PLEASANT","medium",4,191
"ACER FREEMANI   X","OAKRIDGE","medium",4,6
"ACER FREEMANI   X","RENFREW-COLLINGWOOD","medium",4,60
"ACER FREEMANI   X","RILEY PARK","medium",4,47
"ACER FREEMANI   X","SHAUGHNESSY","medium",4,9
"ACER FREEMANI   X","SOUTH CAMBIE","medium",4,15
"ACER FREEMANI   X","STRATHCONA","medium",4,8
"ACER FREEMANI   X","SUNSET","medium",4,40
"ACER FREEMANI   X","VICTORIA-FRASERVIEW","medium",4,57
"ACER FREEMANI   X","WEST END","medium",4,95
"ACER FREEMANI   X","WEST POINT GREY","medium",4,37
"ACER PLATANOIDES","ARBUTUS-RIDGE","medium",4,84
"ACER PLATANOIDES","DOWNTOWN","medium",4,136
"ACER PLATANOIDES","DUNBAR-SOUTHLANDS","medium",4,558
"ACER PLATANOIDES","FAIRVIEW","medium",4,179
"ACER PLATANOIDES","GRANDVIEW-WOODLAND","medium",4,123
"ACER PLATANOIDES","HASTINGS-SUNRISE","medium",4,294
"ACER PLATANOIDES","KENSINGTON-CEDAR COTTAGE","medium",4,219
"ACER PLATANOIDES","KERRISDALE","medium",4,557
"ACER PLATANOIDES","KILLARNEY","medium",4,56
"ACER PLATANOIDES","KITSILANO","medium",4,550
"ACER PLATANOIDES","MARPOLE","medium",4,271
"ACER PLATANOIDES","MOUNT PLEASANT","medium",4,174
"ACER PLATANOIDES","OAKRIDGE","medium",4,83
"ACER PLATANOIDES","RENFREW-COLLINGWOOD","medium",4,171
"ACER PLATANOIDES","RILEY PARK","medium",4,193
"ACER PLATANOIDES","SHAUGHNESSY","medium",4,488
"ACER PLATANOIDES","SOUTH CAMBIE","medium",4,139
"ACER PLATANOIDES","STRATHCONA","medium",4,51
"ACER PLATANOIDES","SUNSET","medium",4,226
"ACER PLATANOIDES","VICTORIA-FRASERVIEW","medium",4,48
"ACER PLATANOIDES","WEST END","medium",4,129
"ACER PLATANOIDES","WEST POINT GREY","medium",4,293
"ACER RUBRUM","ARBUTUS-RIDGE","medium",4,111
"ACER RUBRUM","DOWNTOWN","medium",4,466
"ACER RUBRUM","DUNBAR-SOUTHLANDS","medium",4,93
"ACER RUBRUM","FAIRVIEW","medium",4,344
"ACER RUBRUM","GRANDVIEW-WOODLAND","medium",4,256
"ACER RUBRUM","HASTINGS-SUNRISE","medium",4,207
"ACER RUBRUM","KENSINGTON-CEDAR COTTAGE","medium",4,230
"ACER RUBRUM","KERRISDALE","medium",4,51
"ACER RUBRUM","KILLARNEY","medium",4,266
"ACER RUBRUM","KITSILANO","medium",4,199
"ACER RUBRUM","MARPOLE","medium",4,150
"ACER RUBRUM","MOUNT PLEASANT","medium",4,293
"ACER RUBRUM","OAKRIDGE","medium",4,42
"ACER RUBRUM","RENFREW-COLLINGWOOD","medium",4,165
"ACER RUBRUM","RILEY PARK","medium",4,73
"ACER RUBRUM","SHAUGHNESSY","medium",4,66
"ACER RUBRUM","SOUTH CAMBIE","medium",4,59
"ACER RUBRUM","STRATHCONA","medium",4,62
"ACER RUBRUM","SUNSET","medium",4,74
"ACER RUBRUM","VICTORIA-FRASERVIEW","medium",4,63
"ACER RUBRUM","WEST END","medium",4,150
"ACER RUBRUM","WEST POINT GREY","medium",4,86
"CARPINUS BETULUS","ARBUTUS-RIDGE","medium",4,63
"CARPINUS BETULUS","DOWNTOWN","medium",4,115
"CARPINUS BETULUS","FAIRVIEW","medium",4,76
"CARPINUS BETULUS","GRANDVIEW-WOODLAND","medium",4,198
"CARPINUS BETULUS","HASTINGS-SUNRISE","medium",4,224
"CARPINUS BETULUS","KENSINGTON-CEDAR COTTAGE","medium",4,205
"CARPINUS BETULUS","KERRISDALE","medium",4,13
"CARPINUS BETULUS","KILLARNEY","medium",4,71
"CARPINUS BETULUS","KITSILANO","medium",4,118
"CARPINUS BETULUS","MARPOLE","medium",4,85
"CARPINUS BETULUS","MOUNT PLEASANT","medium",4,63
"CARPINUS BETULUS","OAKRIDGE","medium",4,8
"CARPINUS BETULUS","RENFREW-COLLINGWOOD","medium",4,189
"CARPINUS BETULUS","RILEY PARK","medium",4,135
"CARPINUS BETULUS","SHAUGHNESSY","medium",4,25
"CARPINUS BETULUS","SOUTH CAMBIE","medium",4,12
"CARPINUS BETULUS","STRATHCONA","medium",4,102
"CARPINUS BETULUS","SUNSET","medium",4,130
"CARPINUS BETULUS","VICTORIA-FRASERVIEW","medium",4,60
"CARPINUS BETULUS","WEST END","medium",4,62
"CARPINUS BETULUS","WEST POINT GREY","medium",4,11
"FAGUS SYLVATICA","ARBUTUS-RIDGE","medium",4,34
"FAGUS SYLVATICA","DOWNTOWN","medium",4,128
"FAGUS SYLVATICA","DUNBAR-SOUTHLANDS","medium",4,15
"FAGUS SYLVATICA","FAIRVIEW","medium",4,39
"FAGUS SYLVATICA","GRANDVIEW-WOODLAND","medium",4,100
"FAGUS SYLVATICA","HASTINGS-SUNRISE","medium",4,87
"FAGUS SYLVATICA","KENSINGTON-CEDAR COTTAGE","medium",4,122
"FAGUS SYLVATICA","KERRISDALE","medium",4,21
"FAGUS SYLVATICA","KILLARNEY","medium",4,33
"FAGUS SYLVATICA","KITSILANO","medium",4,65
"FAGUS SYLVATICA","MARPOLE","medium",4,27
"FAGUS SYLVATICA","MOUNT PLEASANT","medium",4,70
"FAGUS SYLVATICA","OAKRIDGE","medium",4,4
"FAGUS SYLVATICA","RENFREW-COLLINGWOOD","medium",4,188
"FAGUS SYLVATICA","RILEY PARK","medium",4,43
"FAGUS SYLVATICA","SHAUGHNESSY","medium",4,9
"FAGUS SYLVATICA","SOUTH CAMBIE","medium",4,36
"FAGUS SYLVATICA","STRATHCONA","medium",4,15
"FAGUS SYLVATICA","SUNSET","medium",4,73
"FAGUS SYLVATICA","VICTORIA-FRASERVIEW","medium",4,28
"FAGUS SYLVATICA","WEST END","medium",4,20
"FAGUS SYLVATICA","WEST POINT GREY","medium",4,15
"MAGNOLIA KOBUS","ARBUTUS-RIDGE","medium",4,40
"MAGNOLIA KOBUS","HASTINGS-SUNRISE","medium",4,126
"MAGNOLIA KOBUS","KENSINGTON-CEDAR COTTAGE","medium",4,56
"MAGNOLIA KOBUS","KERRISDALE","medium",4,61
"MAGNOLIA KOBUS","KITSILANO","medium",4,85
"MAGNOLIA KOBUS","OAKRIDGE","medium",4,23
"MAGNOLIA KOBUS","RENFREW-COLLINGWOOD","medium",4,58
"MAGNOLIA KOBUS","RILEY PARK","medium",4,8
"MAGNOLIA KOBUS","SHAUGHNESSY","medium",4,22
"MAGNOLIA KOBUS","SOUTH CAMBIE","medium",4,10
"MAGNOLIA KOBUS","SUNSET","medium",4,12
"MAGNOLIA KOBUS","VICTORIA-FRASERVIEW","medium",4,108
"PRUNUS CERASIFERA","ARBUTUS-RIDGE","medium",4,506
"PRUNUS CERASIFERA","DOWNTOWN","medium",4,3
"PRUNUS CERASIFERA","DUNBAR-SOUTHLANDS","medium",4,382
"PRUNUS CERASIFERA","FAIRVIEW","medium",4,46
"PRUNUS CERASIFERA","GRANDVIEW-WOODLAND","medium",4,75
"PRUNUS CERASIFERA","HASTINGS-SUNRISE","medium",4,417
"PRUNUS CERASIFERA","KENSINGTON-CEDAR COTTAGE","medium",4,244
"PRUNUS CERASIFERA","KERRISDALE","medium",4,225
"PRUNUS CERASIFERA","KILLARNEY","medium",4,209
"PRUNUS CERASIFERA","KITSILANO","medium",4,183
"PRUNUS CERASIFERA","MARPOLE","medium",4,225
"PRUNUS CERASIFERA","MOUNT PLEASANT","medium",4,66
"PRUNUS CERASIFERA","OAKRIDGE","medium",4,139
"PRUNUS CERASIFERA","RENFREW-COLLINGWOOD","medium",4,476
"PRUNUS CERASIFERA","RILEY PARK","medium",4,194
"PRUNUS CERASIFERA","SHAUGHNESSY","medium",4,168
"PRUNUS CERASIFERA","SOUTH CAMBIE","medium",4,40
"PRUNUS CERASIFERA","SUNSET","medium",4,326
"PRUNUS CERASIFERA","VICTORIA-FRASERVIEW","medium",4,605
"PRUNUS CERASIFERA","WEST END","medium",4,145
"PRUNUS CERASIFERA","WEST POINT GREY","medium",4,193
"PRUNUS SERRULATA","ARBUTUS-RIDGE","medium",4,217
"PRUNUS SERRULATA","DUNBAR-SOUTHLANDS","medium",4,423
"PRUNUS SERRULATA","FAIRVIEW","medium",4,142
"PRUNUS SERRULATA","GRANDVIEW-WOODLAND","medium",4,277
"PRUNUS SERRULATA","HASTINGS-SUNRISE","medium",4,324
"PRUNUS SERRULATA","KENSINGTON-CEDAR COTTAGE","medium",4,690
"PRUNUS SERRULATA","KERRISDALE","medium",4,303
"PRUNUS SERRULATA","KILLARNEY","medium",4,212
"PRUNUS SERRULATA","KITSILANO","medium",4,215
"PRUNUS SERRULATA","MARPOLE","medium",4,397
"PRUNUS SERRULATA","MOUNT PLEASANT","medium",4,545
"PRUNUS SERRULATA","OAKRIDGE","medium",4,232
"PRUNUS SERRULATA","RENFREW-COLLINGWOOD","medium",4,461
"PRUNUS SERRULATA","RILEY PARK","medium",4,475
"PRUNUS SERRULATA","SHAUGHNESSY","medium",4,163
"PRUNUS SERRULATA","SOUTH CAMBIE","medium",4,113
"PRUNUS SERRULATA","STRATHCONA","medium",4,88
"PRUNUS SERRULATA","SUNSET","medium",4,432
"PRUNUS SERRULATA","VICTORIA-FRASERVIEW","medium",4,453
"PRUNUS SERRULATA","WEST END","medium",4,158
"PRUNUS SERRULATA","WEST POINT GREY","medium",4,163
"TILIA EUCHLORA   X","ARBUTUS-RIDGE","medium",4,47
"TILIA EUCHLORA   X","DOWNTOWN","medium",4,122
"TILIA EUCHLORA   X","DUNBAR-SOUTHLANDS","medium",4,56
"TILIA EUCHLORA   X","FAIRVIEW","medium",4,79
"TILIA EUCHLORA   X","GRANDVIEW-WOODLAND","medium",4,177
"TILIA EUCHLORA   X","HASTINGS-SUNRISE","medium",4,223
"TILIA EUCHLORA   X","KENSINGTON-CEDAR COTTAGE","medium",4,298
"TILIA EUCHLORA   X","KERRISDALE","medium",4,100
"TILIA EUCHLORA   X","KILLARNEY","medium",4,551
"TILIA EUCHLORA   X","KITSILANO","medium",4,389
"TILIA EUCHLORA   X","MARPOLE","medium",4,19
"TILIA EUCHLORA   X","MOUNT PLEASANT","medium",4,180
"TILIA EUCHLORA   X","OAKRIDGE","medium",4,28
"TILIA EUCHLORA   X","RENFREW-COLLINGWOOD","medium",4,343
"TILIA EUCHLORA   X","RILEY PARK","medium",4,247
"TILIA EUCHLORA   X","SHAUGHNESSY","medium",4,52
"TILIA EUCHLORA   X","SOUTH CAMBIE","medium",4,48
"TILIA EUCHLORA   X","STRATHCONA","medium",4,71
"TILIA EUCHLORA   X","SUNSET","medium",4,279
"TILIA EUCHLORA   X","VICTORIA-FRASERVIEW","medium",4,399
"TILIA EUCHLORA   X","WEST END","medium",4,89
"TILIA EUCHLORA   X","WEST POINT GREY","medium",4,70
"ACER CAMPESTRE","ARBUTUS-RIDGE","medium",5,45
"ACER CAMPESTRE","DOWNTOWN","medium",5,73
"ACER CAMPESTRE","DUNBAR-SOUTHLANDS","medium",5,79
"ACER CAMPESTRE","FAIRVIEW","medium",5,29
"ACER CAMPESTRE","GRANDVIEW-WOODLAND","medium",5,48
"ACER CAMPESTRE","HASTINGS-SUNRISE","medium",5,193
"ACER CAMPESTRE","KENSINGTON-CEDAR COTTAGE","medium",5,147
"ACER CAMPESTRE","KERRISDALE","medium",5,10
"ACER CAMPESTRE","KILLARNEY","medium",5,14
"ACER CAMPESTRE","KITSILANO","medium",5,41
"ACER CAMPESTRE","MOUNT PLEASANT","medium",5,36
"ACER CAMPESTRE","OAKRIDGE","medium",5,8
"ACER CAMPESTRE","RENFREW-COLLINGWOOD","medium",5,126
"ACER CAMPESTRE","RILEY PARK","medium",5,140
"ACER CAMPESTRE","SHAUGHNESSY","medium",5,41
"ACER CAMPESTRE","SUNSET","medium",5,90
"ACER CAMPESTRE","WEST END","medium",5,24
"ACER CAMPESTRE","WEST POINT GREY","medium",5,17
"ACER FREEMANI   X","ARBUTUS-RIDGE","medium",5,6
"ACER FREEMANI   X","DOWNTOWN","medium",5,104
"ACER FREEMANI   X","DUNBAR-SOUTHLANDS","medium",5,31
"ACER FREEMANI   X","FAIRVIEW","medium",5,47
"ACER FREEMANI   X","GRANDVIEW-WOODLAND","medium",5,93
"ACER FREEMANI   X","HASTINGS-SUNRISE","medium",5,154
"ACER FREEMANI   X","KENSINGTON-CEDAR COTTAGE","medium",5,94
"ACER FREEMANI   X","KILLARNEY","medium",5,102
"ACER FREEMANI   X","KITSILANO","medium",5,34
"ACER FREEMANI   X","MARPOLE","medium",5,28
"ACER FREEMANI   X","MOUNT PLEASANT","medium",5,191
"ACER FREEMANI   X","RENFREW-COLLINGWOOD","medium",5,60
"ACER FREEMANI   X","RILEY PARK","medium",5,47
"ACER FREEMANI   X","SHAUGHNESSY","medium",5,9
"ACER FREEMANI   X","SUNSET","medium",5,40
"ACER FREEMANI   X","WEST END","medium",5,95
"ACER FREEMANI   X","WEST POINT GREY","medium",5,37
"ACER PLATANOIDES","ARBUTUS-RIDGE","medium",5,84
"ACER PLATANOIDES","DOWNTOWN","medium",5,136
"ACER PLATANOIDES","DUNBAR-SOUTHLANDS","medium",5,558
"ACER PLATANOIDES","FAIRVIEW","medium",5,179
"ACER PLATANOIDES","GRANDVIEW-WOODLAND","medium",5,123
"ACER PLATANOIDES","HASTINGS-SUNRISE","medium",5,294
"ACER PLATANOIDES","KENSINGTON-CEDAR COTTAGE","medium",5,219
"ACER PLATANOIDES","KERRISDALE","medium",5,557
"ACER PLATANOIDES","KILLARNEY","medium",5,56
"ACER PLATANOIDES","KITSILANO","medium",5,550
"ACER PLATANOIDES","MARPOLE","medium",5,271
"ACER PLATANOIDES","MOUNT PLEASANT","medium",5,174
"ACER PLATANOIDES","RENFREW-COLLINGWOOD","medium",5,171
"ACER PLATANOIDES","RILEY PARK","medium",5,193
"ACER PLATANOIDES","SHAUGHNESSY","medium",5,488
"ACER PLATANOIDES","SOUTH CAMBIE","medium",5,139
"ACER PLATANOIDES","STRATHCONA","medium",5,51
"ACER PLATANOIDES","SUNSET","medium",5,226
"ACER PLATANOIDES","VICTORIA-FRASERVIEW","medium",5,48
"ACER PLATANOIDES","WEST END","medium",5,129
"ACER PLATANOIDES","WEST POINT GREY","medium",5,293
"ACER RUBRUM","ARBUTUS-RIDGE","medium",5,111
"ACER RUBRUM","DOWNTOWN","medium",5,466
"ACER RUBRUM","DUNBAR-SOUTHLANDS","medium",5,93
"ACER RUBRUM","FAIRVIEW","medium",5,344
"ACER RUBRUM","GRANDVIEW-WOODLAND","medium",5,256
"ACER RUBRUM","HASTINGS-SUNRISE","medium",5,207
"ACER RUBRUM","KENSINGTON-CEDAR COTTAGE","medium",5,230
"ACER RUBRUM","KERRISDALE","medium",5,51
"ACER RUBRUM","KILLARNEY","medium",5,266
"ACER RUBRUM","KITSILANO","medium",5,199
"ACER RUBRUM","MARPOLE","medium",5,150
"ACER RUBRUM","MOUNT PLEASANT","medium",5,293
"ACER RUBRUM","RENFREW-COLLINGWOOD","medium",5,165
"ACER RUBRUM","RILEY PARK","medium",5,73
"ACER RUBRUM","SHAUGHNESSY","medium",5,66
"ACER RUBRUM","SOUTH CAMBIE","medium",5,59
"ACER RUBRUM","WEST END","medium",5,150
"ACER RUBRUM","WEST POINT GREY","medium",5,86
"CARPINUS BETULUS","DOWNTOWN","medium",5,115
"CARPINUS BETULUS","FAIRVIEW","medium",5,76
"CARPINUS BETULUS","GRANDVIEW-WOODLAND","medium",5,198
"CARPINUS BETULUS","HASTINGS-SUNRISE","medium",5,224
"CARPINUS BETULUS","KENSINGTON-CEDAR COTTAGE","medium",5,205
"CARPINUS BETULUS","KILLARNEY","medium",5,71
"CARPINUS BETULUS","KITSILANO","medium",5,118
"CARPINUS BETULUS","MARPOLE","medium",5,85
"CARPINUS BETULUS","MOUNT PLEASANT","medium",5,63
"CARPINUS BETULUS","RENFREW-COLLINGWOOD","medium",5,189
"CARPINUS BETULUS","RILEY PARK","medium",5,135
"CARPINUS BETULUS","SHAUGHNESSY","medium",5,25
"CARPINUS BETULUS","STRATHCONA","medium",5,102
"CARPINUS BETULUS","SUNSET","medium",5,130
"CARPINUS BETULUS","VICTORIA-FRASERVIEW","medium",5,60
"CARPINUS BETULUS","WEST END","medium",5,62
"FAGUS SYLVATICA","ARBUTUS-RIDGE","medium",5,34
"FAGUS SYLVATICA","DOWNTOWN","medium",5,128
"FAGUS SYLVATICA","DUNBAR-SOUTHLANDS","medium",5,15
"FAGUS SYLVATICA","FAIRVIEW","medium",5,39
"FAGUS SYLVATICA","GRANDVIEW-WOODLAND","medium",5,100
"FAGUS SYLVATICA","HASTINGS-SUNRISE","medium",5,87
"FAGUS SYLVATICA","KENSINGTON-CEDAR COTTAGE","medium",5,122
"FAGUS SYLVATICA","KERRISDALE","medium",5,21
"FAGUS SYLVATICA","KITSILANO","medium",5,65
"FAGUS SYLVATICA","MOUNT PLEASANT","medium",5,70
"FAGUS SYLVATICA","RENFREW-COLLINGWOOD","medium",5,188
"FAGUS SYLVATICA","RILEY PARK","medium",5,43
"FAGUS SYLVATICA","SOUTH CAMBIE","medium",5,36
"FAGUS SYLVATICA","SUNSET","medium",5,73
"FAGUS SYLVATICA","VICTORIA-FRASERVIEW","medium",5,28
"FAGUS SYLVATICA","WEST POINT GREY","medium",5,15
"MAGNOLIA KOBUS","KENSINGTON-CEDAR COTTAGE","medium",5,56
"MAGNOLIA KOBUS","SHAUGHNESSY","medium",5,22
"MAGNOLIA KOBUS","WEST POINT GREY","medium",5,22
"PRUNUS CERASIFERA","ARBUTUS-RIDGE","medium",5,506
"PRUNUS CERASIFERA","DUNBAR-SOUTHLANDS","medium",5,382
"PRUNUS CERASIFERA","FAIRVIEW","medium",5,46
"PRUNUS CERASIFERA","HASTINGS-SUNRISE","medium",5,417
"PRUNUS CERASIFERA","KERRISDALE","medium",5,225
"PRUNUS CERASIFERA","OAKRIDGE","medium",5,139
"PRUNUS CERASIFERA","RENFREW-COLLINGWOOD","medium",5,476
"PRUNUS CERASIFERA","WEST POINT GREY","medium",5,193
"PRUNUS SERRULATA","DUNBAR-SOUTHLANDS","medium",5,423
"PRUNUS SERRULATA","FAIRVIEW","medium",5,142
"PRUNUS SERRULATA","GRANDVIEW-WOODLAND","medium",5,277
"PRUNUS SERRULATA","HASTINGS-SUNRISE","medium",5,324
"PRUNUS SERRULATA","KENSINGTON-CEDAR COTTAGE","medium",5,690
"PRUNUS SERRULATA","KILLARNEY","medium",5,212
"PRUNUS SERRULATA","MARPOLE","medium",5,397
"PRUNUS SERRULATA","RENFREW-COLLINGWOOD","medium",5,461
"PRUNUS SERRULATA","RILEY PARK","medium",5,475
"PRUNUS SERRULATA","STRATHCONA","medium",5,88
"PRUNUS SERRULATA","SUNSET","medium",5,432
"PRUNUS SERRULATA","VICTORIA-FRASERVIEW","medium",5,453
"PRUNUS SERRULATA","WEST END","medium",5,158
"PRUNUS SERRULATA","WEST POINT GREY","medium",5,163
"TILIA EUCHLORA   X","ARBUTUS-RIDGE","medium",5,47
"TILIA EUCHLORA   X","DUNBAR-SOUTHLANDS","medium",5,56
"TILIA EUCHLORA   X","FAIRVIEW","medium",5,79
"TILIA EUCHLORA   X","GRANDVIEW-WOODLAND","medium",5,177
"TILIA EUCHLORA   X","HASTINGS-SUNRISE","medium",5,223
"TILIA EUCHLORA   X","KENSINGTON-CEDAR COTTAGE","medium",5,298
"TILIA EUCHLORA   X","KERRISDALE","medium",5,100
"TILIA EUCHLORA   X","KILLARNEY","medium",5,551
"TILIA EUCHLORA   X","KITSILANO","medium",5,389
"TILIA EUCHLORA   X","MOUNT PLEASANT","medium",5,180
"TILIA EUCHLORA   X","OAKRIDGE","medium",5,28
"TILIA EUCHLORA   X","RENFREW-COLLINGWOOD","medium",5,343
"TILIA EUCHLORA   X","SHAUGHNESSY","medium",5,52
"TILIA EUCHLORA   X","STRATHCONA","medium",5,71
"TILIA EUCHLORA   X","SUNSET","medium",5,279
"TILIA EUCHLORA   X","VICTORIA-FRASERVIEW","medium",5,399
"TILIA EUCHLORA   X","WEST END","medium",5,89
"TILIA EUCHLORA   X","WEST POINT GREY","medium",5,70
"ACER CAMPESTRE","DOWNTOWN","tall",6,1
"ACER CAMPESTRE","DUNBAR-SOUTHLANDS","tall",6,1
"ACER CAMPESTRE","HASTINGS-SUNRISE","tall",6,19
"ACER CAMPESTRE","RILEY PARK","tall",6,5
"ACER CAMPESTRE","SUNSET","tall",6,5
"ACER CAMPESTRE","WEST END","tall",6,6
"ACER FREEMANI   X","ARBUTUS-RIDGE","tall",6,1
"ACER FREEMANI   X","DOWNTOWN","tall",6,5
"ACER FREEMANI   X","FAIRVIEW","tall",6,1
"ACER FREEMANI   X","GRANDVIEW-WOODLAND","tall",6,7
"ACER FREEMANI   X","HASTINGS-SUNRISE","tall",6,2
"ACER FREEMANI   X","KENSINGTON-CEDAR COTTAGE","tall",6,3
"ACER FREEMANI   X","MOUNT PLEASANT","tall",6,5
"ACER FREEMANI   X","RILEY PARK","tall",6,2
"ACER FREEMANI   X","STRATHCONA","tall",6,1
"ACER FREEMANI   X","WEST END","tall",6,13
"ACER FREEMANI   X","WEST POINT GREY","tall",6,1
"ACER PLATANOIDES","ARBUTUS-RIDGE","tall",6,25
"ACER PLATANOIDES","DOWNTOWN","tall",6,3
"ACER PLATANOIDES","DUNBAR-SOUTHLANDS","tall",6,286
"ACER PLATANOIDES","FAIRVIEW","tall",6,45
"ACER PLATANOIDES","GRANDVIEW-WOODLAND","tall",6,11
"ACER PLATANOIDES","HASTINGS-SUNRISE","tall",6,80
"ACER PLATANOIDES","KENSINGTON-CEDAR COTTAGE","tall",6,39
"ACER PLATANOIDES","KERRISDALE","tall",6,144
"ACER PLATANOIDES","KITSILANO","tall",6,374
"ACER PLATANOIDES","MARPOLE","tall",6,30
"ACER PLATANOIDES","MOUNT PLEASANT","tall",6,26
"ACER PLATANOIDES","RENFREW-COLLINGWOOD","tall",6,10
"ACER PLATANOIDES","RILEY PARK","tall",6,87
"ACER PLATANOIDES","SHAUGHNESSY","tall",6,287
"ACER PLATANOIDES","SOUTH CAMBIE","tall",6,65
"ACER PLATANOIDES","STRATHCONA","tall",6,1
"ACER PLATANOIDES","SUNSET","tall",6,7
"ACER PLATANOIDES","VICTORIA-FRASERVIEW","tall",6,3
"ACER PLATANOIDES","WEST END","tall",6,15
"ACER PLATANOIDES","WEST POINT GREY","tall",6,161
"ACER RUBRUM","ARBUTUS-RIDGE","tall",6,4
"ACER RUBRUM","DOWNTOWN","tall",6,4
"ACER RUBRUM","DUNBAR-SOUTHLANDS","tall",6,3
"ACER RUBRUM","FAIRVIEW","tall",6,1
"ACER RUBRUM","GRANDVIEW-WOODLAND","tall",6,13
"ACER RUBRUM","HASTINGS-SUNRISE","tall",6,5
"ACER RUBRUM","KENSINGTON-CEDAR COTTAGE","tall",6,1
"ACER RUBRUM","KERRISDALE","tall",6,10
"ACER RUBRUM","KILLARNEY","tall",6,4
"ACER RUBRUM","KITSILANO","tall",6,5
"ACER RUBRUM","MARPOLE","tall",6,1
"ACER RUBRUM","MOUNT PLEASANT","tall",6,12
"ACER RUBRUM","SHAUGHNESSY","tall",6,4
"ACER RUBRUM","WEST END","tall",6,2
"ACER RUBRUM","WEST POINT GREY","tall",6,1
"CARPINUS BETULUS","ARBUTUS-RIDGE","tall",6,1
"CARPINUS BETULUS","GRANDVIEW-WOODLAND","tall",6,4
"CARPINUS BETULUS","HASTINGS-SUNRISE","tall",6,7
"CARPINUS BETULUS","KENSINGTON-CEDAR COTTAGE","tall",6,1
"CARPINUS BETULUS","RENFREW-COLLINGWOOD","tall",6,13
"CARPINUS BETULUS","STRATHCONA","tall",6,2
"CARPINUS BETULUS","SUNSET","tall",6,2
"FAGUS SYLVATICA","ARBUTUS-RIDGE","tall",6,2
"FAGUS SYLVATICA","DOWNTOWN","tall",6,14
"FAGUS SYLVATICA","FAIRVIEW","tall",6,13
"FAGUS SYLVATICA","HASTINGS-SUNRISE","tall",6,32
"FAGUS SYLVATICA","KENSINGTON-CEDAR COTTAGE","tall",6,10
"FAGUS SYLVATICA","KERRISDALE","tall",6,7
"FAGUS SYLVATICA","KITSILANO","tall",6,38
"FAGUS SYLVATICA","MARPOLE","tall",6,2
"FAGUS SYLVATICA","MOUNT PLEASANT","tall",6,24
"FAGUS SYLVATICA","RENFREW-COLLINGWOOD","tall",6,2
"FAGUS SYLVATICA","RILEY PARK","tall",6,40
"FAGUS SYLVATICA","SHAUGHNESSY","tall",6,2
"FAGUS SYLVATICA","SOUTH CAMBIE","tall",6,2
"FAGUS SYLVATICA","WEST END","tall",6,6
"PRUNUS CERASIFERA","KENSINGTON-CEDAR COTTAGE","tall",6,1
"PRUNUS CERASIFERA","SUNSET","tall",6,2
"PRUNUS SERRULATA","DUNBAR-SOUTHLANDS","tall",6,1
"PRUNUS SERRULATA","KITSILANO","tall",6,2
"PRUNUS SERRULATA","VICTORIA-FRASERVIEW","tall",6,2
"PRUNUS SERRULATA","WEST POINT GREY","tall",6,2
"TILIA EUCHLORA   X","ARBUTUS-RIDGE","tall",6,8
"TILIA EUCHLORA   X","DUNBAR-SOUTHLANDS","tall",6,2
"TILIA EUCHLORA   X","FAIRVIEW","tall",6,7
"TILIA EUCHLORA   X","GRANDVIEW-WOODLAND","tall",6,5
"TILIA EUCHLORA   X","HASTINGS-SUNRISE","tall",6,6
"TILIA EUCHLORA   X","KENSINGTON-CEDAR COTTAGE","tall",6,5
"TILIA EUCHLORA   X","KERRISDALE","tall",6,1
"TILIA EUCHLORA   X","MARPOLE","tall",6,1
"TILIA EUCHLORA   X","MOUNT PLEASANT","tall",6,3
"TILIA EUCHLORA   X","RILEY PARK","tall",6,2
"TILIA EUCHLORA   X","SHAUGHNESSY","tall",6,15
"TILIA EUCHLORA   X","STRATHCONA","tall",6,1
"TILIA EUCHLORA   X","WEST END","tall",6,3
"TILIA EUCHLORA   X","WEST POINT GREY","tall",6,8
"ACER CAMPESTRE","HASTINGS-SUNRISE","tall",7,19
"ACER CAMPESTRE","WEST END","tall",7,6
"ACER FREEMANI   X","KITSILANO","tall",7,1
"ACER FREEMANI   X","MARPOLE","tall",7,1
"ACER FREEMANI   X","WEST END","tall",7,13
"ACER PLATANOIDES","ARBUTUS-RIDGE","tall",7,25
"ACER PLATANOIDES","DUNBAR-SOUTHLANDS","tall",7,286
"ACER PLATANOIDES","FAIRVIEW","tall",7,45
"ACER PLATANOIDES","GRANDVIEW-WOODLAND","tall",7,11
"ACER PLATANOIDES","HASTINGS-SUNRISE","tall",7,80
"ACER PLATANOIDES","KENSINGTON-CEDAR COTTAGE","tall",7,39
"ACER PLATANOIDES","KERRISDALE","tall",7,144
"ACER PLATANOIDES","KITSILANO","tall",7,374
"ACER PLATANOIDES","MARPOLE","tall",7,30
"ACER PLATANOIDES","MOUNT PLEASANT","tall",7,26
"ACER PLATANOIDES","RENFREW-COLLINGWOOD","tall",7,10
"ACER PLATANOIDES","RILEY PARK","tall",7,87
"ACER PLATANOIDES","SHAUGHNESSY","tall",7,287
"ACER PLATANOIDES","SOUTH CAMBIE","tall",7,65
"ACER PLATANOIDES","SUNSET","tall",7,7
"ACER PLATANOIDES","VICTORIA-FRASERVIEW","tall",7,3
"ACER PLATANOIDES","WEST END","tall",7,15
"ACER PLATANOIDES","WEST POINT GREY","tall",7,161
"ACER RUBRUM","DOWNTOWN","tall",7,4
"ACER RUBRUM","DUNBAR-SOUTHLANDS","tall",7,3
"ACER RUBRUM","GRANDVIEW-WOODLAND","tall",7,13
"ACER RUBRUM","KITSILANO","tall",7,5
"ACER RUBRUM","MOUNT PLEASANT","tall",7,12
"ACER RUBRUM","SHAUGHNESSY","tall",7,4
"ACER RUBRUM","WEST END","tall",7,2
"CARPINUS BETULUS","HASTINGS-SUNRISE","tall",7,7
"CARPINUS BETULUS","STRATHCONA","tall",7,2
"FAGUS SYLVATICA","DUNBAR-SOUTHLANDS","tall",7,2
"FAGUS SYLVATICA","FAIRVIEW","tall",7,13
"FAGUS SYLVATICA","GRANDVIEW-WOODLAND","tall",7,1
"FAGUS SYLVATICA","HASTINGS-SUNRISE","tall",7,32
"FAGUS SYLVATICA","KENSINGTON-CEDAR COTTAGE","tall",7,10
"FAGUS SYLVATICA","KERRISDALE","tall",7,7
"FAGUS SYLVATICA","KITSILANO","tall",7,38
"FAGUS SYLVATICA","MARPOLE","tall",7,2
"FAGUS SYLVATICA","MOUNT PLEASANT","tall",7,24
"FAGUS SYLVATICA","RENFREW-COLLINGWOOD","tall",7,2
"FAGUS SYLVATICA","RILEY PARK","tall",7,40
"FAGUS SYLVATICA","SHAUGHNESSY","tall",7,2
"FAGUS SYLVATICA","WEST END","tall",7,6
"PRUNUS CERASIFERA","ARBUTUS-RIDGE","tall",7,1
"PRUNUS CERASIFERA","OAKRIDGE","tall",7,1
"PRUNUS CERASIFERA","RENFREW-COLLINGWOOD","tall",7,1
"PRUNUS CERASIFERA","SUNSET","tall",7,2
"PRUNUS SERRULATA","SUNSET","tall",7,1
"PRUNUS SERRULATA","VICTORIA-FRASERVIEW","tall",7,2
"PRUNUS SERRULATA","WEST POINT GREY","tall",7,2
"TILIA EUCHLORA   X","DUNBAR-SOUTHLANDS","tall",7,2
"TILIA EUCHLORA   X","FAIRVIEW","tall",7,7
"TILIA EUCHLORA   X","KITSILANO","tall",7,2
"TILIA EUCHLORA   X","RILEY PARK","tall",7,2
"TILIA EUCHLORA   X","SHAUGHNESSY","tall",7,15
"TILIA EUCHLORA   X","SOUTH CAMBIE","tall",7,1
"ACER FREEMANI   X","DOWNTOWN","tall",8,5
"ACER FREEMANI   X","WEST END","tall",8,13
"ACER PLATANOIDES","ARBUTUS-RIDGE","tall",8,25
"ACER PLATANOIDES","DUNBAR-SOUTHLANDS","tall",8,286
"ACER PLATANOIDES","HASTINGS-SUNRISE","tall",8,80
"ACER PLATANOIDES","KENSINGTON-CEDAR COTTAGE","tall",8,39
"ACER PLATANOIDES","KERRISDALE","tall",8,144
"ACER PLATANOIDES","KITSILANO","tall",8,374
"ACER PLATANOIDES","SHAUGHNESSY","tall",8,287
"ACER PLATANOIDES","SOUTH CAMBIE","tall",8,65
"ACER PLATANOIDES","WEST POINT GREY","tall",8,161
"ACER RUBRUM","SHAUGHNESSY","tall",8,4
"FAGUS SYLVATICA","ARBUTUS-RIDGE","tall",8,2
"FAGUS SYLVATICA","DUNBAR-SOUTHLANDS","tall",8,2
"FAGUS SYLVATICA","FAIRVIEW","tall",8,13
"FAGUS SYLVATICA","KENSINGTON-CEDAR COTTAGE","tall",8,10
"FAGUS SYLVATICA","KITSILANO","tall",8,38
"FAGUS SYLVATICA","MOUNT PLEASANT","tall",8,24
"FAGUS SYLVATICA","RILEY PARK","tall",8,40
"PRUNUS CERASIFERA","GRANDVIEW-WOODLAND","tall",8,1
"PRUNUS CERASIFERA","WEST END","tall",8,1
"PRUNUS SERRULATA","SHAUGHNESSY","tall",8,1
"PRUNUS SERRULATA","WEST END","tall",8,1
"ACER PLATANOIDES","DUNBAR-SOUTHLANDS","x_tall",9,1
"ACER PLATANOIDES","SHAUGHNESSY","x_tall",9,1
"ACER RUBRUM","KERRISDALE","x_tall",9,3
"FAGUS SYLVATICA","DUNBAR-SOUTHLANDS","x_tall",9,1
"FAGUS SYLVATICA","KENSINGTON-CEDAR COTTAGE","x_tall",9,6
"PRUNUS CERASIFERA","KENSINGTON-CEDAR COTTAGE","x_tall",9,2
"PRUNUS SERRULATA","KITSILANO","x_tall",9,1
"TILIA EUCHLORA   X","KILLARNEY","x_tall",9,2
